-- Active: 1716217658759@@127.0.0.1@3306@FP_MBD

CREATE TABLE PRAKTIKAN(
    mhs_nrp CHAR(10) PRIMARY KEY,
    mhs_nama VARCHAR(100),
    mhs_angkatan INTEGER
);

CREATE TABLE ASDOS(
    asdos_kode CHAR(6) PRIMARY KEY,
    asdos_nama VARCHAR(100),
    asdos_nrp CHAR(10),
    asdos_angkatan INTEGER,
    asdos_noTelp VARCHAR(12)
);

CREATE TABLE MATA_KULIAH(
    mk_kode CHAR(5) PRIMARY KEY,
    mk_nama VARCHAR(50),
    mk_sks INTEGER,
    mk_semester INTEGER
);

CREATE TABLE KELAS(
    kelas_kode CHAR(6) PRIMARY KEY,
    kelas_nama CHAR(1),
    kelas_jadwal TIME,
    mk_kode CHAR(5),
    FOREIGN KEY (mk_kode) REFERENCES MATA_KULIAH(mk_kode)
);

CREATE TABLE ASDOS_MEMBIMBING_KELAS(
    asdos_kode CHAR(6),
    kelas_kode CHAR(6),
    PRIMARY KEY(asdos_kode, kelas_kode),
    FOREIGN KEY (asdos_kode) REFERENCES ASDOS(asdos_kode),
    FOREIGN KEY (kelas_kode) REFERENCES KELAS(kelas_kode)
);

CREATE TABLE PRAKTIKAN_MENGAMBIL_KELAS(
    mhs_nrp CHAR(10),
    kelas_kode CHAR(6),
    PRIMARY KEY(mhs_nrp, kelas_kode),
    FOREIGN KEY (mhs_nrp) REFERENCES PRAKTIKAN(mhs_nrp),
    FOREIGN KEY (kelas_kode) REFERENCES KELAS(kelas_kode)
);

CREATE TABLE RUANGAN(
    ruang_kode CHAR(5) PRIMARY KEY,
    ruang_nama VARCHAR(50),
    ruang_kapasitas INTEGER
);

CREATE TABLE PRAKTIKUM(
    prak_kode CHAR(7),
    prak_judul VARCHAR(50),
    prak_tglPraktikum TIMESTAMP,
    ruang_kode CHAR(5),
    kelas_kode CHAR(6),
    FOREIGN KEY (kelas_kode) REFERENCES KELAS(kelas_kode),
    FOREIGN KEY (ruang_kode) REFERENCES RUANGAN(ruang_kode)
);

INSERT INTO PRAKTIKAN (mhs_nrp, mhs_nama, mhs_angkatan) VALUES
  ('5025221001', 'Oscar Sari', '2022'),
  ('5025221002', 'Joko Kusuma', '2022'),
  ('5025221003', 'Tono Sulistyo', '2022'),
  ('5025221004', 'Wati Wardhani', '2022'),
  ('5025221005', 'Saiful Ismail', '2022'),
  ('5025221006', 'Eka Hermawan', '2022'),
  ('5025221007', 'Tri Iman', '2022'),
  ('5025221008', 'Fitri Kurniawan', '2022'),
  ('5025221009', 'Bulan Adi', '2022'),
  ('5025221010', 'Nadia Wahyudi', '2022'),
  ('5025221011', 'Gita Giti', '2022'),
  ('5025221012', 'Nade Santini', '2022'),
  ('5025221013', 'Fitra Suryanto', '2022'),
  ('5025221014', 'Ahmad Wadimor', '2022'),
  ('5025221015', 'Gilang Wijaya', '2022'),
  ('5025231025','Yuliana Buana', '2023'),
  ('5025231030','Akbar Harun', '2023'),
  ('5025231035','Mike Ox', '2023'),
  ('5025231040','Widya Sri', '2023'),
  ('5025231045','Abdul Sulaiman', '2023'),
  ('5025231050','Dwi Wati', '2023'),
  ('5025231055','Hadi Bachtiar', '2023'),
  ('5025231060','Usman Lestari', '2023'),
  ('5025231065','Wangi Surya', '2023'),
  ('5025231070','Kasih Rustam', '2023'),
  ('5025231075','Ratna Raja', '2023'),
  ('5025231080','Intan Hadi', '2023'),
  ('5025231085','Cinta Siti', '2023'),
  ('5025231090','Surya Putri', '2023'),
  ('5025231095','Ridwan Adi', '2023'),
  ('5025211035', 'Aminah Kusuma' , '2021'),
  ('5025211050', 'Ratna Burhanuddin' , '2021'),
  ('5025211065', 'Alya Yuda' , '2021'),
  ('5025211080', 'Ilham Guntur' , '2021'),
  ('5025211095', 'Ridwan Wira' , '2021'),
  ('5025211110', 'Ruslan Anwar' , '2021'),
  ('5025211125', 'Ali Sidik' , '2021'),
  ('5025211140', 'Dang Lin Wang' , '2021'),
  ('5025211155', 'Eric Shawn' , '2021'),
  ('5025211170', 'Mike Lit' , '2021')

INSERT INTO MATA_KULIAH (mk_kode, mk_nama, mk_sks, mk_semester) VALUES
  ('TI001', 'Dasar Pemrograman', '4', '1'),
  ('TI002', 'Sistem Digital', '3', '2'),
  ('TI003', 'Struktur Data', '3', '2'),
  ('TI004', 'Pemrograman Berorientasi Objek', '3', '3'),
  ('TI005', 'Aljabar Linear', '3', '3'),
  ('TI006', 'Teori Graf', '3', '3'),
  ('TI007', 'Matematika Diskrit', '3', '3'),
  ('TI008', 'Sistem Basis Data', '4', '3'),
  ('TI009', 'Pemrograman Web', '3', '5'),
  ('TI010', 'Konsep Pengembangan Perangkat Lunak', '2', '3'),
  ('TI011', 'Organisasi Komputer', '3', '3'),
  ('TI012', 'Perancangan dan Analisis Algoritma', '4', '4'),
  ('TI013', 'Sistem Operasi', '4', '4'),
  ('TI014', 'Kecerdasan Buatan', '3', '4'),
  ('TI015', 'Manajemen Basis Data', '3', '4'),
  ('TI016', 'Probabilitas dan Statistik', '3', '4'),
  ('TI017', 'Analisis dan Perancangan Sistem Informasi', '3', '4'),
  ('TI018', 'Perancangan Perangkat Lunak', '3', '5'),
  ('TI019', 'Grafika Komputer', '3', '5'),
  ('TI020', 'Kecerdasan Komputasional', '3', '5'),
  ('TI021', 'Jaringan Komputer', '4', '5'),
  ('TI022', 'Manajemen Proyek Perangkat Lunak', '3', '5'),
  ('TI023', 'Interaksi Manusia dan Komputer', '3', '6'),
  ('TI024', 'Pemrograman Jaringan', '3', '6'),
  ('TI025', 'Rekayasa Kebutuhan', '3', '6'),
  ('TI026', 'Teori Graf dan Otomata', '3', '6'),
  ('TI027', 'Pemrograman Berbasis Kerangka Kerja', '3', '6'),
  ('TI028', 'Keamanan Informasi dan Jaringan', '3', '7'),
  ('TI029', 'Wawasan dan Aplikasi Teknologi', '3', '8'),
  ('TI030', 'Pemrograman Perangkat Bergerak', '3', '6'),
  ('TI031', 'Pengembangan Analisis Algoritma', '3', '7'),
  ('TI032', 'Pemrograman Berbasis Antarmuka', '3', '7'),
  ('TI033', 'Jaringan Nirkabel', '3', '7'),
  ('TI034', 'Teknologi antar Jaringan', '3', '8'),
  ('TI035', 'Perancangan Keamanan Sistem dan Jaringan', '3', '6'),
  ('TI036', 'Teknologi IoT', '3', '6'),
  ('TI037', 'Pemodelan dan Simulasi', '3', '7'),
  ('TI038', 'Analisis Data Multivariat', '3', '7'),
  ('TI039', 'Riset Operasi', '3', '8'),
  ('TI040', 'Teknik Pengembangan Game', '3', '8')

INSERT INTO KELAS (kelas_kode, kelas_nama, kelas_jadwal, mk_kode) VALUES
	('DP000A', 'A', '07:00:00', 'TI001'),
	('DP000B', 'B', '10:00:00', 'TI001'),
	('DP000C', 'C', '13:30:00', 'TI001'),
	('SD000A', 'A', '15:30:00', 'TI002'),
	('SiD00B', 'B', '07:00:00', 'TI002'),
	('SiD00C', 'C', '10:00:00', 'TI002'),
	('StuD0A', 'A', '13:30:00', 'TI003'),
	('StuD0B', 'B', '15:30:00', 'TI003'),
	('StuD0C', 'C', '07:00:00', 'TI003'),
	('PBO00A', 'A', '13:30:00', 'TI004'),
	('PBO00B', 'B', '07:00:00', 'TI004'),
	('PBO00C', 'C', '10:00:00', 'TI004'),
	('AL000A', 'A', '15:30:00', 'TI005'),
	('AL000B', 'B', '07:00:00', 'TI005'),
	('AL000C', 'C', '10:00:00', 'TI005'),
	('TG000A', 'A', '13:30:00', 'TI006'),
	('TG000B', 'B', '15:30:00', 'TI006'),
	('TG000C', 'C', '07:00:00', 'TI006'),
	('MD000A', 'A', '10:00:00', 'TI007'),
	('MD000B', 'B', '13:30:00', 'TI007'),
	('MD000C', 'C', '15:30:00', 'TI007'),
	('SBD00A', 'A', '07:00:00', 'TI008'),
	('SBD00B', 'B', '10:00:00', 'TI008'),
	('SBD00C', 'C', '10:00:00', 'TI008'),
	('PW000A', 'A', '13:30:00', 'TI009'),
	('PW000B', 'B', '15:30:00', 'TI009'),
	('PW000C', 'C', '07:00:00', 'TI009'),
	('KPPL0A', 'A', '10:00:00', 'TI010'),
	('KPPL0B', 'B', '13:30:00', 'TI010'),
	('KPPL0C', 'C', '15:30:00', 'TI010'),
	('OK000A', 'A', '07:00:00', 'TI011'),
	('OK000B', 'B', '13:30:00', 'TI011'),
	('OK000C', 'C', '15:30:00', 'TI011'),
	('PAA00A', 'A', '07:00:00', 'TI012'),
	('PAA00B', 'B', '10:00:00', 'TI012'),
	('PAA00C', 'C', '13:30:00', 'TI012'),
	('SO000A', 'A', '15:30:00', 'TI013'),
	('SO000B', 'B', '07:00:00', 'TI013'),
	('SO000C', 'C', '10:00:00', 'TI013'),
	('KB000A', 'A', '13:30:00', 'TI014'),
	('KB000B', 'B', '15:30:00', 'TI014'),
	('KB000C', 'C', '07:00:00', 'TI014'),
	('MBD00A', 'A', '10:00:00', 'TI015'),
	('MBD00B', 'B', '13:30:00', 'TI015'),
	('MBD00C', 'C', '15:30:00', 'TI015'),
	('PrSt0A', 'A', '07:00:00', 'TI016'),
	('PrSt0B', 'B', '10:00:00', 'TI016'),
	('PrSt0C', 'C', '13:30:00', 'TI016'),
	('APSI0A', 'A', '15:30:00', 'TI017'),
	('APSI0B', 'B', '07:00:00', 'TI017'),
	('APSI0C', 'C', '10:00:00', 'TI017'),
	('PPL00A', 'A', '13:30:00', 'TI018'),
	('PPL00B', 'B', '15:30:00', 'TI018'),
	('PPL00C', 'C', '07:00:00', 'TI018'),
	('GK000A', 'A', '13:30:00', 'TI019'),
	('GK000B', 'B', '15:30:00', 'TI019'),
	('GK000C', 'C', '07:00:00', 'TI019'),
	('KK000A', 'A', '10:00:00', 'TI020'),
	('KK000B', 'B', '07:00:00', 'TI020'),
	('KK000C', 'C', '10:30:00', 'TI020'),
	('JK000A', 'A', '13:30:00', 'TI021'),
	('JK000B', 'B', '15:30:00', 'TI021'),
	('JK000C', 'C', '07:00:00', 'TI021'),
	('MPPL0A', 'A', '10:00:00', 'TI022'),
	('MPPL0B', 'B', '13:30:00', 'TI022'),
	('MPPL0C', 'C', '15:30:00', 'TI022'),
	('IMK00A', 'A', '07:00:00', 'TI023'),
	('IMK00B', 'B', '10:00:00', 'TI023'),
	('IMK00C', 'C', '13:30:00', 'TI023'),
	('PJ000A', 'A', '15:30:00', 'TI024'),
	('PJ000B', 'B', '07:00:00', 'TI024'),
	('PJ000C', 'C', '10:00:00', 'TI024'),
	('RK000A', 'A', '13:30:00', 'TI025'),
	('RK000B', 'B', '15:30:00', 'TI025'),
	('RK000C', 'C', '07:00:00', 'TI025'),
	('TGO00A', 'A', '10:00:00', 'TI026'),
	('TGO00B', 'B', '07:00:00', 'TI026'),
	('TGO00C', 'C', '10:00:00', 'TI026'),
	('PBKK0A', 'A', '13:30:00', 'TI027'),
	('PBKK0B', 'B', '15:30:00', 'TI027'),
	('PBKK0C', 'C', '07:00:00', 'TI027'),
	('KIJ00A', 'A', '10:00:00', 'TI028'),
	('KIJ00B', 'B', '13:30:00', 'TI028'),
	('KIJ00C', 'C', '15:30:00', 'TI028'),
	('WAT00A', 'A', '07:00:00', 'TI029'),
	('WAT00B', 'B', '10:00:00', 'TI029'),
	('WAT00C', 'C', '13:30:00', 'TI029'),
	('PPB00A', 'A', '15:30:00', 'TI030'),
	('PPB00B', 'B', '07:00:00', 'TI030'),
	('PPB00C', 'C', '10:00:00', 'TI030'),
	('PBAA0A', 'A', '13:30:00', 'TI031'),
	('PBAA0B', 'B', '15:30:00', 'TI031'),
	('PBAA0C', 'C', '07:00:00', 'TI031'),
	('PBA00A', 'A', '10:00:00', 'TI032'),
	('PBA00B', 'B', '13:30:00', 'TI032'),
	('PBA00C', 'C', '15:30:00', 'TI032'),
	('JN000A', 'A', '13:30:00', 'TI033'),
	('JN000B', 'B', '15:30:00', 'TI033'),
	('JN000C', 'C', '07:00:00', 'TI033'),
	('TJ000A', 'A', '10:00:00', 'TI034'),
	('TJ000B', 'B', '13:30:00', 'TI034'),
	('TJ000C', 'C', '15:30:00', 'TI034'),
	('PKSJ0A', 'A', '07:00:00', 'TI035'),
	('PKSJ0B', 'B', '10:00:00', 'TI035'),
	('PKSJ0C', 'C', '13:30:00', 'TI035'),
	('TI000A', 'A', '15:30:00', 'TI036'),
	('TI000B', 'B', '07:00:00', 'TI036'),
	('TI000C', 'C', '10:00:00', 'TI036'),
	('PS000A', 'A', '13:30:00', 'TI037'),
	('PS000B', 'B', '15:30:00', 'TI037'),
	('PS000C', 'C', '07:00:00', 'TI037'),
	('ADM00A', 'A', '10:00:00', 'TI038'),
	('ADM00B', 'B', '13:30:00', 'TI038'),
	('ADM00C', 'C', '15:30:00', 'TI038'),
	('RO000A', 'A', '07:00:00', 'TI039'),
	('RO000B', 'B', '10:00:00', 'TI039'),
	('RO000C', 'C', '13:30:00', 'TI039'),
	('TPG00A', 'A', '15:30:00', 'TI040'),
	('TPG00C', 'B', '07:00:00', 'TI040'),
	('TPG00B', 'C', '10:00:00', 'TI040')

INSERT INTO RUANGAN (ruang_kode, ruang_nama, ruang_kapasitas) VALUES
	('IF001', 'Ruang Kelas IF-101', '58'),
	('IF002', 'Ruang Kelas IF-102', '58'),
	('IF003', 'Ruang Kelas IF-103', '58'),
	('IF004', 'Ruang Kelas IF-104', '58'),
	('IF005', 'Ruang Kelas IF-105', '110'),
	('IF006', 'Ruang Kelas IF-106', '52'),
	('IF007', 'Ruang Kelas IF-107', '80'),
	('IF008', 'Ruang Kelas IF-108', '52'),
	('IF009', 'Ruang Kelas IF-112', '52'),
  ('IF010', 'Lab Pemrograman 1', '64'),
  ('IF011', 'Lab Pemrograman 2', '58'),
  ('IF012', 'Lab Arsitektur Jaringan Komputer', '56'),
  ('IF013', 'Lab Grafika Interaksi dan Game', '54'),
  ('IF014', 'Lab Rekayasa Perangkat Lunak', '58'),
  ('IF015', 'Lab Manajemen Cerdas Informasi', '52'),
  ('IF016', 'Lab Komputasi Berbasis Jaringan', '54'),
  ('IF017', 'Lab Algoritma dan Pemrograman', '60'),
  ('IF018', 'Lab Pemodelan dan Komputasi Terapan', '50'),
  ('IF019', 'Lab Komputasi Cerdas dan Visi', '48'),
  ('IF020', 'Lab Komputasi Awan', '52'),
  ('IF021', 'Ruang Kelas IF-201', '58'),
	('IF022', 'Ruang Kelas IF-202', '58'),
	('IF023', 'Ruang Kelas IF-203', '58'),
	('IF024', 'Ruang Kelas IF-204', '58'),
	('IF025', 'Ruang Kelas IF-205', '110'),
	('IF026', 'Ruang Kelas IF-206', '52'),
	('IF027', 'Ruang Kelas IF-207', '80'),
	('IF028', 'Ruang Kelas IF-208', '52'),
	('IF029', 'Ruang Kelas IF-212', '52'),
  ('IF030', 'Lab Sistem Operasi', '64'),
  ('IF031', 'Lab Basis Data', '58'),
  ('IF032', 'Lab Keamanan Informasi', '56'),
  ('IF033', 'Lab Pemrosesan Citra', '54'),
  ('IF034', 'Lab Jaringan Syaraf Tiruan', '58'),
  ('IF035', 'Lab Manajemen Proyek TI', '52'),
  ('IF036', 'Lab Metode Formal', '54'),
  ('IF037', 'Lab Analisis Algoritma', '60'),
  ('IF038', 'Lab Perancangan Sistem', '50'),
  ('IF039', 'Lab Pengolahan Bahasa Alami', '48'),
  ('IF040', 'Lab Keamanan Aplikasi Web', '52')

INSERT INTO ASDOS (asdos_kode, asdos_nama, asdos_nrp, asdos_angkatan, asdos_noTelp) VALUES
  ('ASD001','Happy Walker','5025211000','21','629593111432'), 
  ('ASD002','Slash Frank','5025201001','20','626562775684'), 
  ('ASD003','Demon Reynard','5025211002','21','629408136940'),
  ('ASD004','Yellow David','5025211003','21','624922517806'),
  ('ASD005','Racer Simmons','5025201004','20','629827200965'),
  ('ASD006','Melting Dava','5025201005','20','621017508142'),
  ('ASD007','Hurdle Reed','5025211006','21','629331849980'),
  ('ASD008','Melted Smith','5025201007','20','621881187673'),
  ('ASD009','Green Carolyn','5025211008','21','624323755674'),
  ('ASD010','Light David','5025211009','21','622092725655'),
  ('ASD011','Zero Davis','5025211010','21','621889649145'),
  ('ASD012','Racer Theresa','5025201011','20','624873595103'),
  ('ASD013','Camel Lois','5025211012','21','628263535220'),
  ('ASD014','Code Bob','5025211013','21','629617797839'),
  ('ASD015','Cat Campbell','5025211014','21','627511444398'),
  ('ASD016','Small Smith','5025201015','20','624254477378'),
  ('ASD017','Falling Simmons','5025211016','21','628264690339'),
  ('ASD018','Punch Eva','5025211017','21','626405376550'),
  ('ASD019','Rend Perry','5025211018','21','623197656449'),
  ('ASD020','Bandit Charlie','5025211019','21','627873834481'),
  ('ASD021','Flame Lee','5025211020','21','625291174232'),
  ('ASD022','Cat Patterson','5025211021','21','629256461603'),
  ('ASD023','Melted Randy','5025201022','20','622678319805'),
  ('ASD024','Fire Walker','5025201023','20','621019639323'),
  ('ASD025','Beta Reed','5025201024','20','623509053722'),
  ('ASD026','Breaker Henry','5025201025','20','627387374639'),
  ('ASD027','Slice David','5025211026','21','629048081631'),
  ('ASD028','Tall Henry','5025201027','20','624976612762'),
  ('ASD029','Cultist Butler','5025201028','20','622917055369'),
  ('ASD030','Yellow Patterson','5025201029','20','621292040900'),
  ('ASD031','Tall Eva','5025211030','21','629776220595'),
  ('ASD032','Melt Henry','5025211031','21','625972861477'),
  ('ASD033','Panda Taylor','5025201032','20','621261800139'),
  ('ASD034','Punch Henry','5025201033','20','628512773582'),
  ('ASD035','Redeem Reed','5025211034','21','626263527750'),
  ('ASD036','Demonic Carolyn','5025201035','20','622449823190'),
  ('ASD037','Erase Walker','5025211044','21','626406293216'),
  ('ASD038','Close Rogers','5025201045','20','627147369900'),
  ('ASD039','Punch Grace','5025211046','21','628187737787'),
  ('ASD040','Rest Patterson','5025211047','21','629167778970'),
  ('ASD041','Demonic Dava','5025211048','21','624568651109'),
  ('ASD042','Hound Dava','5025211049','21','622014124231'),
  ('ASD043','Blue Patterson','5025201000','20','628268780687'),
  ('ASD044','Melted Alice','5025201001','20','627349523733'),
  ('ASD045','Colt Wilson','5025201002','20','622842829477'),
  ('ASD046','Fell Bob','5025201003','20','627196228692'),
  ('ASD047','Light Johnson','5025211004','21','621352697883'),
  ('ASD048','Breaker Theresa','5025201005','20','626002855225'),
  ('ASD049','Tall Bob','5025201006','20','622654219479'),
  ('ASD050','Glow Albert','5025201007','20','625481789830'),
  ('ASD051','Hound Jesse','5025211008','21','629304612162'),
  ('ASD052','Fell Lee','5025201009','20','623686827204'),
  ('ASD053','Alpha Alice','5025211010','21','622795546280'),
  ('ASD054','Squid Albert','5025211011','21','625423957142'),
  ('ASD055','Hurdle Theresa','5025201012','20','628864171274'),
  ('ASD056','Crimson Campbell','5025211013','21','628924778631'),
  ('ASD057','Melt David','5025211014','21','627771011474'),
  ('ASD058','Light David','5025211015','21','625981017213'),
  ('ASD059','Broken Rogers','5025201016','20','621354003734'),
  ('ASD060','Hawker Reynard','5025201017','20','624098664163'),
  ('ASD061','Cat Bruce','5025211018','21','628984767483'),
  ('ASD062','Joyful Theresa','5025201019','20','624442200835')

INSERT INTO PRAKTIKAN_MENGAMBIL_KELAS (mhs_nrp, kelas_kode) VALUES
	('5025221001', 'TI000A'),
	('5025221001', 'PBKK0A'),
  ('5025221001', 'SBD00A'),
  ('5025221001', 'PBKK0B'),
  ('5025221001', 'PPL00A'),
  ('5025221001', 'MBD00A'),
  ('5025221001', 'PBO00A'),
  ('5025221001', 'IMK00B'),
  ('5025221002', 'PrSt0A'),
  ('5025221002', 'AL000B'),
  ('5025221002', 'KK000A'),
  ('5025221002', 'PBO00C'),
  ('5025221002', 'RO000A'),
  ('5025221002', 'OK000B'),
  ('5025221002', 'PAA00C'),
  ('5025221002', 'MD000A'),
  ('5025221003', 'PBKK0A'),
  ('5025221003', 'PW000B'),
  ('5025221003', 'OK000A'),
  ('5025221003', 'DP000C'),
  ('5025221003', 'PPL00C'),
  ('5025221003', 'KPPL0C'),
  ('5025221003', 'PJ000A'),
  ('5025221003', 'PAA00B'),
  ('5025221004', 'KB000A'),
  ('5025221004', 'SD000A'),
  ('5025221004', 'DP000C'),
  ('5025221004', 'DP000B'),
  ('5025221004', 'MBD00B'),
  ('5025221004', 'MD000A'),
  ('5025221004', 'IMK00B'),
  ('5025221004', 'StuD0C'),
  ('5025221005', 'PJ000A'),
  ('5025221005', 'TPG00A'),
  ('5025221005', 'PW000B'),
  ('5025221005', 'WAT00C'),
  ('5025221005', 'TI000A'),
  ('5025221005', 'IMK00A'),
  ('5025221005', 'MPPL0A'),
  ('5025221005', 'IMK00C'),
  ('5025221006', 'TJ000A'),
  ('5025221006', 'WAT00A'),
  ('5025221006', 'AL000C'),
  ('5025221006', 'PAA00C'),
  ('5025221006', 'JK000C'),
  ('5025221006', 'OK000C'),
  ('5025221006', 'SiD00B'),
  ('5025221006', 'JK000A'),
  ('5025221007', 'PPL00A'),
  ('5025221007', 'JN000B'),
  ('5025221007', 'RK000A'),
  ('5025221007', 'APSI0B'),
  ('5025221007', 'JK000B'),
  ('5025221007', 'PPB00A'),
  ('5025221007', 'PrSt0B'),
  ('5025221007', 'TGO00C'),
  ('5025221008', 'AL000B'),
  ('5025221008', 'PBAA0B'),
  ('5025221008', 'PPB00C'),
  ('5025221008', 'ADM00B'),
  ('5025221008', 'KPPL0A'),
  ('5025221008', 'MBD00A'),
  ('5025221008', 'JK000A'),
  ('5025221008', 'PPL00A'),
  ('5025221009', 'StuD0B'),
  ('5025221009', 'PBKK0B'),
  ('5025221009', 'MPPL0C'),
  ('5025221009', 'IMK00A'),
  ('5025221009', 'PBA00A'),
  ('5025221009', 'TG000A'),
  ('5025221009', 'PW000B'),
  ('5025221009', 'PS000B'),
  ('5025221010', 'TJ000A'),
  ('5025221010', 'RK000C'),
  ('5025221010', 'PBO00C'),
  ('5025221010', 'PPB00A'),
  ('5025221010', 'JN000B'),
  ('5025221010', 'TG000B'),
  ('5025221010', 'WAT00B'),
  ('5025221010', 'APSI0B'),
  ('5025221011', 'KIJ00A'),
  ('5025221011', 'PPL00C'),
  ('5025221011', 'TPG00A'),
  ('5025221011', 'PAA00B'),
  ('5025221011', 'PrSt0A'),
  ('5025221011', 'AL000C'),
  ('5025221011', 'WAT00A'),
  ('5025221011', 'KPPL0A'),
  ('5025221012', 'MPPL0B'),
  ('5025221012', 'AL000A'),
  ('5025221012', 'IMK00C'),
  ('5025221012', 'PS000A'),
  ('5025221012', 'StuD0C'),
  ('5025221012', 'DP000A'),
  ('5025221012', 'PJ000C'),
  ('5025221012', 'OK000C'),
  ('5025221013', 'IMK00C'),
  ('5025221013', 'KB000B'),
  ('5025221013', 'PAA00B'),
  ('5025221013', 'PBKK0C'),
  ('5025221013', 'PBA00C'),
  ('5025221013', 'IMK00A'),
  ('5025221013', 'JK000A'),
  ('5025221013', 'PAA00C'),
  ('5025221014', 'PW000B'),
  ('5025221014', 'PPB00A'),
  ('5025221014', 'PBKK0C'),
  ('5025221014', 'JK000B'),
  ('5025221014', 'MBD00B'),
  ('5025221014', 'RK000C'),
  ('5025221014', 'GK000C'),
  ('5025221014', 'PBKK0A'),
  ('5025221015', 'PPL00B'),
  ('5025221015', 'MPPL0A'),
  ('5025221015', 'MD000A'),
  ('5025221015', 'PBA00C'),
  ('5025221015', 'SBD00B'),
  ('5025221015', 'APSI0A'),
  ('5025221015', 'StuD0B'),
  ('5025221015', 'MD000B'),
  ('5025231025', 'PKSJ0A'),
  ('5025231025', 'PW000A'),
  ('5025231025', 'MPPL0A'),
  ('5025231025', 'WAT00B'),
  ('5025231025', 'TG000C'),
  ('5025231025', 'RO000C'),
  ('5025231025', 'PPB00B'),
  ('5025231025', 'APSI0C'),
  ('5025231030', 'SiD00C'),
  ('5025231030', 'MBD00B'),
  ('5025231030', 'TI000A'),
  ('5025231030', 'MBD00C'),
  ('5025231030', 'RO000C'),
  ('5025231030', 'MPPL0A'),
  ('5025231030', 'TI000C'),
  ('5025231030', 'SD000A'),
  ('5025231035', 'TG000C'),
  ('5025231035', 'KPPL0C'),
  ('5025231035', 'PBKK0A'),
  ('5025231035', 'PJ000C'),
  ('5025231035', 'MD000B'),
  ('5025231035', 'TGO00C'),
  ('5025231035', 'PrSt0A'),
  ('5025231035', 'MBD00A'),
  ('5025231040', 'TG000A'),
  ('5025231040', 'PKSJ0C'),
  ('5025231040', 'SD000A'),
  ('5025231040', 'PAA00C'),
  ('5025231040', 'PBA00B'),
  ('5025231040', 'PW000A'),
  ('5025231040', 'PJ000B'),
  ('5025231040', 'TG000C'),
  ('5025231045', 'GK000A'),
  ('5025231045', 'KPPL0A'),
  ('5025231045', 'PKSJ0A'),
  ('5025231045', 'PPB00A'),
  ('5025231045', 'IMK00A'),
  ('5025231045', 'PAA00A'),
  ('5025231045', 'StuD0A'),
  ('5025231045', 'PBAA0B'),
  ('5025231050', 'TPG00B'),
  ('5025231050', 'PS000C'),
  ('5025231050', 'PBO00C'),
  ('5025231050', 'RO000A'),
  ('5025231050', 'KB000C'),
  ('5025231050', 'TGO00B'),
  ('5025231050', 'SiD00C'),
  ('5025231050', 'PS000B'),
  ('5025231055', 'KIJ00B'),
  ('5025231055', 'MPPL0C'),
  ('5025231055', 'GK000A'),
  ('5025231055', 'PKSJ0A'),
  ('5025231055', 'TGO00C'),
  ('5025231055', 'PrSt0B'),
  ('5025231055', 'StuD0A'),
  ('5025231055', 'PBA00C'),
  ('5025231060', 'PPL00C'),
  ('5025231060', 'KPPL0B'),
  ('5025231060', 'KIJ00A'),
  ('5025231060', 'AL000C'),
  ('5025231060', 'PrSt0C'),
  ('5025231060', 'OK000A'),
  ('5025231060', 'PBO00A'),
  ('5025231060', 'MPPL0C'),
  ('5025231065', 'KK000A'),
  ('5025231065', 'SO000B'),
  ('5025231065', 'OK000C'),
  ('5025231065', 'RO000A'),
  ('5025231065', 'KIJ00C'),
  ('5025231065', 'PPL00A'),
  ('5025231065', 'WAT00C'),
  ('5025231065', 'IMK00C'),
  ('5025231070', 'StuD0C'),
  ('5025231070', 'PBA00C'),
  ('5025231070', 'PBAA0B'),
  ('5025231070', 'PKSJ0C'),
  ('5025231070', 'PrSt0B'),
  ('5025231070', 'MBD00A'),
  ('5025231070', 'PJ000A'),
  ('5025231070', 'PS000C'),
  ('5025231075', 'PPB00C'),
  ('5025231075', 'WAT00B'),
  ('5025231075', 'KIJ00B'),
  ('5025231075', 'KPPL0B'),
  ('5025231075', 'MPPL0A'),
  ('5025231075', 'PAA00C'),
  ('5025231075', 'TGO00C'),
  ('5025231075', 'PBA00B'),
  ('5025231080', 'GK000A'),
  ('5025231080', 'TGO00C'),
  ('5025231080', 'PW000B'),
  ('5025231080', 'SO000A'),
  ('5025231080', 'RK000B'),
  ('5025231080', 'SO000C'),
  ('5025231080', 'PBKK0B'),
  ('5025231080', 'PrSt0C'),
  ('5025231085', 'PBA00C'),
  ('5025231085', 'RK000B'),
  ('5025231085', 'PAA00C'),
  ('5025231085', 'JN000B'),
  ('5025231085', 'DP000A'),
  ('5025231085', 'TG000C'),
  ('5025231085', 'APSI0A'),
  ('5025231085', 'TG000B'),
  ('5025231090', 'SO000B'),
  ('5025231090', 'MPPL0C'),
  ('5025231090', 'SBD00C'),
  ('5025231090', 'SiD00B'),
  ('5025231090', 'OK000A'),
  ('5025231090', 'PrSt0C'),
  ('5025231090', 'SD000A'),
  ('5025231090', 'TG000A'),
  ('5025231095', 'PBKK0A'),
  ('5025231095', 'PBKK0C'),
  ('5025231095', 'OK000B'),
  ('5025231095', 'JN000A'),
  ('5025231095', 'PBAA0B'),
  ('5025231095', 'StuD0B'),
  ('5025231095', 'WAT00C'),
  ('5025231095', 'MD000B'),
  ('5025211035', 'SiD00C'),
  ('5025211035', 'OK000A'),
  ('5025211035', 'PBKK0A'),
  ('5025211035', 'PPB00A'),
  ('5025211035', 'TGO00C'),
  ('5025211035', 'RO000C'),
  ('5025211035', 'KPPL0C'),
  ('5025211035', 'KPPL0B'),
  ('5025211050', 'PKSJ0B'),
  ('5025211050', 'SBD00C'),
  ('5025211050', 'KIJ00A'),
  ('5025211050', 'TI000B'),
  ('5025211050', 'SO000A'),
  ('5025211050', 'AL000B'),
  ('5025211050', 'APSI0C'),
  ('5025211050', 'ADM00B'),
  ('5025211065', 'PrSt0B'),
  ('5025211065', 'MBD00B'),
  ('5025211065', 'RK000B'),
  ('5025211065', 'JN000B'),
  ('5025211065', 'ADM00A'),
  ('5025211065', 'StuD0C'),
  ('5025211065', 'PPB00C'),
  ('5025211065', 'PPB00A'),
  ('5025211080', 'JK000C'),
  ('5025211080', 'KK000A'),
  ('5025211080', 'PKSJ0B'),
  ('5025211080', 'SO000B'),
  ('5025211080', 'SBD00A'),
  ('5025211080', 'APSI0B'),
  ('5025211080', 'StuD0C'),
  ('5025211080', 'JN000B'),
  ('5025211095', 'PKSJ0B'),
  ('5025211095', 'PW000B'),
  ('5025211095', 'StuD0A'),
  ('5025211095', 'SiD00C'),
  ('5025211095', 'SD000A'),
  ('5025211095', 'PPB00C'),
  ('5025211095', 'PBKK0A'),
  ('5025211095', 'IMK00C'),
  ('5025211110', 'PKSJ0A'),
  ('5025211110', 'KB000B'),
  ('5025211110', 'KK000B'),
  ('5025211110', 'MBD00C'),
  ('5025211110', 'PAA00B'),
  ('5025211110', 'GK000C'),
  ('5025211110', 'TPG00B'),
  ('5025211110', 'APSI0B'),
  ('5025211125', 'SBD00C'),
  ('5025211125', 'PrSt0C'),
  ('5025211125', 'KPPL0A'),
  ('5025211125', 'RK000A'),
  ('5025211125', 'StuD0C'),
  ('5025211125', 'PS000B'),
  ('5025211125', 'OK000A'),
  ('5025211125', 'KK000B'),
  ('5025211140', 'JK000C'),
  ('5025211140', 'SO000C'),
  ('5025211140', 'AL000A'),
  ('5025211140', 'JK000A'),
  ('5025211140', 'TG000A'),
  ('5025211140', 'PW000B'),
  ('5025211140', 'PAA00A'),
  ('5025211140', 'KPPL0C'),
  ('5025211155', 'GK000B'),
  ('5025211155', 'DP000A'),
  ('5025211155', 'JK000B'),
  ('5025211155', 'SiD00C'),
  ('5025211155', 'RK000A'),
  ('5025211155', 'PrSt0B'),
  ('5025211155', 'PPL00B'),
  ('5025211155', 'PBO00C'),
  ('5025211170', 'PS000C'),
  ('5025211170', 'KB000C'),
  ('5025211170', 'TGO00B'),
  ('5025211170', 'TG000A'),
  ('5025211170', 'PBO00C'),
  ('5025211170', 'PBAA0C'),
  ('5025211170', 'KK000C'),
  ('5025211170', 'JK000A')

INSERT INTO ASDOS_MEMBIMBING_KELAS (asdos_kode, kelas_kode) VALUES 
  ('ASD001', 'AL000A'), 
  ('ASD001', 'MPPL0A'), 
  ('ASD001', 'PBKK0C'), 
  ('ASD001', 'MBD00B'), 
  ('ASD002', 'TPG00A'), 
  ('ASD002', 'TPG00C'), 
  ('ASD002', 'PJ000B'), 
  ('ASD002', 'RK000C'), 
  ('ASD003', 'PBA00B'), 
  ('ASD003', 'PKSJ0A'), 
  ('ASD003', 'PBO00C'), 
  ('ASD003', 'SBD00A'), 
  ('ASD004', 'PPB00A'), 
  ('ASD004', 'StuD0B'), 
  ('ASD004', 'TG000C'), 
  ('ASD004', 'PBKK0A'), 
  ('ASD005', 'DP000B'), 
  ('ASD005', 'PAA00B'), 
  ('ASD005', 'KPPL0B'), 
  ('ASD005', 'PPL00A'), 
  ('ASD006', 'MD000B'), 
  ('ASD006', 'StuD0A'), 
  ('ASD006', 'PBKK0B'), 
  ('ASD006', 'KPPL0C'), 
  ('ASD007', 'JN000B'), 
  ('ASD007', 'SD000A'), 
  ('ASD007', 'RK000A'), 
  ('ASD007', 'JK000A'), 
  ('ASD008', 'GK000C'), 
  ('ASD008', 'MPPL0C'), 
  ('ASD008', 'SiD00B'), 
  ('ASD008', 'GK000B'), 
  ('ASD009', 'SBD00B'), 
  ('ASD009', 'KIJ00A'), 
  ('ASD009', 'MD000C'), 
  ('ASD009', 'TJ000C'), 
  ('ASD010', 'SiD00C'), 
  ('ASD010', 'PS000A'), 
  ('ASD010', 'PAA00A'), 
  ('ASD010', 'TGO00C'), 
  ('ASD011', 'TGO00A'), 
  ('ASD011', 'PBAA0B'), 
  ('ASD011', 'KB000A'), 
  ('ASD011', 'SO000A'), 
  ('ASD012', 'TJ000A'), 
  ('ASD012', 'PBO00A'), 
  ('ASD012', 'KB000B'), 
  ('ASD012', 'PrSt0B'), 
  ('ASD013', 'TJ000A'), 
  ('ASD013', 'JN000C'), 
  ('ASD013', 'RO000A'), 
  ('ASD013', 'PrSt0C'), 
  ('ASD014', 'PrSt0A'), 
  ('ASD014', 'PW000B'), 
  ('ASD014', 'APSI0B'), 
  ('ASD014', 'DP000A'), 
  ('ASD015', 'RO000B'), 
  ('ASD015', 'APSI0A'),
  ('ASD015', 'PBA00A'), 
  ('ASD015', 'PBO00B'), 
  ('ASD016', 'PAA00C'), 
  ('ASD016', 'PBAA0C'), 
  ('ASD016', 'TI000C'), 
  ('ASD016', 'MD000A'), 
  ('ASD017', 'PPL00C'), 
  ('ASD017', 'KIJ00B'), 
  ('ASD017', 'TI000A'), 
  ('ASD017', 'PKSJ0C'), 
  ('ASD018', 'PPL00B'), 
  ('ASD018', 'TG000A'), 
  ('ASD018', 'AL000B'), 
  ('ASD018', 'PJ000A'), 
  ('ASD019', 'PW000C'), 
  ('ASD019', 'TG000B'), 
  ('ASD019', 'StuD0C'), 
  ('ASD019', 'OK000C'), 
  ('ASD020', 'JK000C'), 
  ('ASD020', 'TJ000B'), 
  ('ASD020', 'DP000C'), 
  ('ASD020', 'GK000A'), 
  ('ASD021', 'TGO00B'), 
  ('ASD021', 'OK000B'),
  ('ASD021', 'PBAA0A'), 
  ('ASD021', 'KIJ00C'), 
  ('ASD022', 'ADM00B'), 
  ('ASD022', 'WAT00A'), 
  ('ASD022', 'SBD00C'), 
  ('ASD022', 'JN000A'), 
  ('ASD023', 'MBD00A'), 
  ('ASD023', 'RO000C'), 
  ('ASD023', 'OK000A'), 
  ('ASD023', 'KB000C'), 
  ('ASD024', 'WAT00C'), 
  ('ASD024', 'KK000C'), 
  ('ASD024', 'KPPL0A'), 
  ('ASD024', 'PPB00C'), 
  ('ASD025', 'WAT00B'), 
  ('ASD025', 'PPB00B'), 
  ('ASD025', 'ADM00A'), 
  ('ASD025', 'KK000B'), 
  ('ASD026', 'JK000B'), 
  ('ASD026', 'TPG00B'), 
  ('ASD026', 'PS000B'), 
  ('ASD026', 'SO000C'), 
  ('ASD027', 'TI000B'), 
  ('ASD027', 'RK000B'), 
  ('ASD027', 'IMK00C'), 
  ('ASD027', 'AL000C'), 
  ('ASD028', 'SO000B'), 
  ('ASD028', 'PW000A'), 
  ('ASD028', 'MBD00C'), 
  ('ASD028', 'APSI0C'), 
  ('ASD029', 'MPPL0B'), 
  ('ASD029', 'IMK00A'), 
  ('ASD029', 'PBA00C'), 
  ('ASD029', 'ADM00C'), 
  ('ASD030', 'PS000C'), 
  ('ASD030', 'PJ000C'), 
  ('ASD030', 'PKSJ0B'), 
  ('ASD030', 'IMK00B'), 
  ('ASD031', 'KK000A'), 
  ('ASD031', 'PJ000C'), 
  ('ASD031', 'PKSJ0B'), 
  ('ASD031', 'IMK00B'),
  ('ASD032', 'PJ000C'),
  ('ASD032', 'TG000A'),
  ('ASD033', 'OK000C'),
  ('ASD033', 'APSI0C'),
  ('ASD033', 'RK000A'),
  ('ASD034', 'SiD00C'),
  ('ASD034', 'PW000C'),
  ('ASD035', 'JK000B'),
  ('ASD035', 'RK000B'),
  ('ASD035', 'APSI0A'),
  ('ASD036', 'TPG00A'),
  ('ASD036', 'StuD0B'),
  ('ASD037', 'PrSt0B'),
  ('ASD037', 'RK000B'),
  ('ASD037', 'SiD00B'),
  ('ASD038', 'PKSJ0B'),
  ('ASD038', 'AL000B'),
  ('ASD038', 'TGO00A'),
  ('ASD039', 'PKSJ0B'),
  ('ASD039', 'PBKK0A'),
  ('ASD039', 'DP000C'),
  ('ASD040', 'PBKK0B'),
  ('ASD040', 'SBD00A'),
  ('ASD041', 'PPB00B'),
  ('ASD041', 'KIJ00A'),
  ('ASD042', 'TPG00A'),
  ('ASD042', 'APSI0C'),
  ('ASD043', 'PW000A'),
  ('ASD043', 'TJ000B'),
  ('ASD044', 'MPPL0A'),
  ('ASD044', 'SO000C'),
  ('ASD044', 'WAT00A'),
  ('ASD045', 'StuD0A'),
  ('ASD045', 'TG000A'),
  ('ASD046', 'MD000B'),
  ('ASD047', 'WAT00C'),
  ('ASD048', 'PBAA0B'),
  ('ASD048', 'JN000C'),
  ('ASD048', 'SBD00A'),
  ('ASD049', 'KPPL0A'),
  ('ASD049', 'PBKK0C'),
  ('ASD049', 'PBO00A'),
  ('ASD050', 'PW000B'),
  ('ASD051', 'AL000B'),
  ('ASD052', 'PS000C'),
  ('ASD053', 'KB000A'),
  ('ASD054', 'SD000A'),
  ('ASD054', 'IMK00C'),
  ('ASD054', 'WAT00B'),
  ('ASD055', 'PPB00B'),
  ('ASD055', 'WAT00A'),
  ('ASD056', 'APSI0C'),
  ('ASD056', 'PJ000B'),
  ('ASD056', 'SD000A'),
  ('ASD057', 'APSI0B'), 
  ('ASD057', 'SD000A'), 
  ('ASD057', 'KPPL0C'), 
  ('ASD057', 'SO000B'), 
  ('ASD057', 'OK000C'), 
  ('ASD057', 'SiD00C'), 
  ('ASD057', 'SBD00C'), 
  ('ASD057', 'JN000C'), 
  ('ASD057', 'MPPL0C'), 
  ('ASD057', 'DP000C'), 
  ('ASD058', 'SO000C'), 
  ('ASD058', 'PKSJ0B'), 
  ('ASD058', 'TGO00B'), 
  ('ASD058', 'PPL00B'), 
  ('ASD058', 'JK000B'), 
  ('ASD058', 'PKSJ0C'), 
  ('ASD058', 'APSI0C'), 
  ('ASD058', 'MBD00C'), 
  ('ASD058', 'TGO00A'), 
  ('ASD058', 'SiD00B'), 
  ('ASD059', 'PPL00A'), 
  ('ASD059', 'KB000C'), 
  ('ASD059', 'PrSt0B'), 
  ('ASD059', 'ADM00C'), 
  ('ASD059', 'TI000C'), 
  ('ASD059', 'PBAA0C'), 
  ('ASD059', 'RK000B'), 
  ('ASD059', 'KIJ00B'), 
  ('ASD059', 'APSI0A'), 
  ('ASD059', 'RO000B'), 
  ('ASD060', 'JK000A'), 
  ('ASD060', 'StuD0C'), 
  ('ASD060', 'TJ000A'), 
  ('ASD060', 'IMK00A'), 
  ('ASD060', 'PJ000C'), 
  ('ASD060', 'PS000A'), 
  ('ASD060', 'PBAA0B'), 
  ('ASD060', 'PBO00B'), 
  ('ASD060', 'KIJ00A'), 
  ('ASD061', 'PBKK0C'), 
  ('ASD061', 'PPB00A'), 
  ('ASD061', 'MBD00B'), 
  ('ASD061', 'TG000B'), 
  ('ASD061', 'PPB00B'), 
  ('ASD061', 'ADM00A'), 
  ('ASD061', 'RK000C'), 
  ('ASD061', 'RK000A'), 
  ('ASD061', 'WAT00C'), 
  ('ASD061', 'PPL00C'), 
  ('ASD062', 'PBKK0A'), 
  ('ASD062', 'PPB00C'), 
  ('ASD062', 'TPG00C'), 
  ('ASD062', 'PW000C'), 
  ('ASD062', 'OK000B'), 
  ('ASD062', 'PrSt0C'), 
  ('ASD062', 'KK000C'), 
  ('ASD062', 'IMK00C'), 
  ('ASD062', 'SO000A'), 
  ('ASD062', 'WAT00B')

INSERT INTO PRAKTIKUM (prak_kode, prak_judul, prak_tglPraktikum, ruang_kode, kelas_kode) VALUES
  ('PRK0001', 'Modul 4', '2022-8-12 07:30:00', 'IF031', 'KPPL0A'),
  ('PRK0002', 'Modul 3', '2022-10-30 11:30:00', 'IF013', 'PBO00A'),
  ('PRK0003', 'Modul 4', '2022-8-8 10:30:00', 'IF011', 'PBA00B'),
  ('PRK0004', 'Modul 3', '2022-1-26 12:00:00', 'IF015', 'JK000B'),
  ('PRK0005', 'Modul 2', '2022-1-15 10:30:00', 'IF003', 'OK000C'),
  ('PRK0006', 'Modul 2', '2022-4-4 15:30:00', 'IF027', 'TG000A'),
  ('PRK0007', 'Modul 3', '2022-7-12 08:00:00', 'IF030', 'SD000A'),
  ('PRK0008', 'Modul 2', '2022-12-25 11:30:00', 'IF018', 'TJ000C'),
  ('PRK0009', 'Modul 2', '2022-4-8 17:30:00', 'IF029', 'AL000A'),
  ('PRK0010', 'Modul 5', '2022-6-11 13:30:00', 'IF028', 'TJ000C'),
  ('PRK0011', 'Modul 2', '2022-5-6 15:30:00', 'IF040', 'PPL00B'),
  ('PRK0012', 'Modul 4', '2022-12-23 16:00:00', 'IF020', 'TI000A'),
  ('PRK0013', 'Modul 4', '2022-4-24 17:30:00', 'IF017', 'SD000A'),
  ('PRK0014', 'Modul 3', '2022-7-16 13:30:00', 'IF006', 'PBO00A'),
  ('PRK0015', 'Modul 5', '2022-1-8 10:30:00', 'IF033', 'PW000A'),
  ('PRK0016', 'Modul 4', '2022-1-29 11:30:00', 'IF007', 'PKSJ0A'),
  ('PRK0017', 'Modul 5', '2022-6-2 11:30:00', 'IF021', 'GK000A'),
  ('PRK0018', 'Modul 3', '2022-6-7 11:30:00', 'IF018', 'MD000A'),
  ('PRK0019', 'Modul 1', '2022-4-27 11:30:00', 'IF009', 'AL000A'),
  ('PRK0020', 'Modul 1', '2022-10-27 09:30:00', 'IF003', 'IMK00B'),
  ('PRK0021', 'Modul 4', '2022-2-1 07:30:00', 'IF024', 'WAT00B'),
  ('PRK0022', 'Modul 4', '2022-5-13 13:30:00', 'IF034', 'SiD00C'),
  ('PRK0023', 'Modul 2', '2022-4-15 13:30:00', 'IF004', 'TI000C'),
  ('PRK0024', 'Modul 1', '2022-9-26 14:00:00', 'IF016', 'TG000C'),
  ('PRK0025', 'Modul 4', '2022-7-19 12:00:00', 'IF001', 'RK000C'),
  ('PRK0026', 'Modul 3', '2022-1-5 08:00:00', 'IF021', 'PS000C'),
  ('PRK0027', 'Modul 1', '2022-5-5 17:30:00', 'IF017', 'SO000A'),
  ('PRK0028', 'Modul 3', '2022-2-11 13:30:00', 'IF039', 'PKSJ0C'),
  ('PRK0029', 'Modul 4', '2022-2-5 13:30:00', 'IF033', 'MD000C'),
  ('PRK0030', 'Modul 1', '2022-6-1 09:30:00', 'IF010', 'GK000C'),
  ('PRK0031', 'Modul 1', '2022-10-4 07:30:00', 'IF006', 'JK000A'),
  ('PRK0032', 'Modul 3', '2022-3-13 07:30:00', 'IF013', 'PAA00A'),
  ('PRK0033', 'Modul 4', '2022-1-14 08:00:00', 'IF036', 'IMK00C'),
  ('PRK0034', 'Modul 1', '2022-3-4 07:30:00', 'IF013', 'PrSt0C'),
  ('PRK0035', 'Modul 5', '2022-5-19 10:30:00', 'IF034', 'RK000B'),
  ('PRK0036', 'Modul 3', '2022-11-3 10:30:00', 'IF013', 'StuD0C'),
  ('PRK0037', 'Modul 1', '2022-1-4 10:30:00', 'IF030', 'SBD00A'),
  ('PRK0038', 'Modul 3', '2022-6-25 10:30:00', 'IF004', 'PBO00B'),
  ('PRK0039', 'Modul 1', '2022-8-28 17:30:00', 'IF025', 'KB000B'),
  ('PRK0040', 'Modul 3', '2022-1-3 14:00:00', 'IF003', 'PAA00B'),
  ('PRK0041', 'Modul 2', '2022-6-9 13:30:00', 'IF037', 'ADM00A'),
  ('PRK0042', 'Modul 5', '2022-7-11 08:00:00', 'IF009', 'MPPL0C'),
  ('PRK0043', 'Modul 5', '2022-8-27 15:30:00', 'IF031', 'TI000A'),
  ('PRK0044', 'Modul 3', '2022-6-25 14:00:00', 'IF015', 'PAA00C'),
  ('PRK0045', 'Modul 2', '2022-3-2 13:30:00', 'IF037', 'PrSt0A'),
  ('PRK0046', 'Modul 5', '2022-4-28 09:30:00', 'IF032', 'TGO00A'),
  ('PRK0047', 'Modul 2', '2022-5-2 15:30:00', 'IF011', 'KPPL0B'),
  ('PRK0048', 'Modul 3', '2022-7-23 08:00:00', 'IF025', 'PS000A'),
  ('PRK0049', 'Modul 5', '2022-4-5 08:00:00', 'IF033', 'TGO00B'),
  ('PRK0050', 'Modul 4', '2022-5-11 07:30:00', 'IF015', 'SO000C'),
  ('PRK0051', 'Modul 1', '2022-9-3 16:00:00', 'IF002', 'OK000C'),
  ('PRK0052', 'Modul 3', '2022-1-21 14:00:00', 'IF026', 'SO000B'),
  ('PRK0053', 'Modul 2', '2022-4-30 11:30:00', 'IF010', 'MPPL0B'),
  ('PRK0054', 'Modul 5', '2022-12-25 17:30:00', 'IF026', 'WAT00C'),
  ('PRK0055', 'Modul 3', '2022-3-20 14:00:00', 'IF019', 'PJ000A'),
  ('PRK0056', 'Modul 4', '2022-10-28 09:30:00', 'IF029', 'PBKK0B'),
  ('PRK0057', 'Modul 1', '2022-9-26 08:00:00', 'IF030', 'TGO00C'),
  ('PRK0058', 'Modul 2', '2022-7-24 07:30:00', 'IF009', 'TGO00B'),
  ('PRK0059', 'Modul 3', '2022-5-4 08:00:00', 'IF038', 'PJ000A'),
  ('PRK0060', 'Modul 5', '2022-7-17 12:00:00', 'IF032', 'StuD0A'),
  ('PRK0061', 'Modul 2', '2022-5-29 14:00:00', 'IF023', 'TG000C'),
  ('PRK0062', 'Modul 5', '2022-7-13 16:00:00', 'IF003', 'TJ000C'),
  ('PRK0063', 'Modul 3', '2022-7-6 14:00:00', 'IF013', 'SO000B'),
  ('PRK0064', 'Modul 3', '2022-12-11 07:30:00', 'IF026', 'TI000C'),
  ('PRK0065', 'Modul 1', '2022-4-19 11:30:00', 'IF038', 'KK000B'),
  ('PRK0066', 'Modul 3', '2022-8-1 17:30:00', 'IF018', 'KIJ00C'),
  ('PRK0067', 'Modul 1', '2022-7-15 14:00:00', 'IF038', 'TG000C'),
  ('PRK0068', 'Modul 4', '2022-11-18 17:30:00', 'IF016', 'StuD0A'),
  ('PRK0069', 'Modul 3', '2022-12-13 09:30:00', 'IF021', 'DP000C'),
  ('PRK0070', 'Modul 2', '2022-12-17 08:00:00', 'IF011', 'PKSJ0C'),
  ('PRK0071', 'Modul 1', '2022-1-7 11:30:00', 'IF020', 'ADM00B'),
  ('PRK0072', 'Modul 4', '2022-7-12 08:00:00', 'IF008', 'ADM00C'),
  ('PRK0073', 'Modul 4', '2022-4-23 17:30:00', 'IF019', 'RK000B'),
  ('PRK0074', 'Modul 2', '2022-8-21 12:00:00', 'IF036', 'PJ000A'),
  ('PRK0075', 'Modul 1', '2023-4-9 17:30:00', 'IF036', 'TPG00A'),
  ('PRK0076', 'Modul 4', '2023-7-2 08:00:00', 'IF014', 'StuD0A'),
  ('PRK0077', 'Modul 3', '2023-7-10 10:30:00', 'IF021', 'RO000B'),
  ('PRK0078', 'Modul 4', '2023-1-9 17:30:00', 'IF028', 'SO000B'),
  ('PRK0079', 'Modul 5', '2023-9-1 15:30:00', 'IF023', 'KPPL0C'),
  ('PRK0080', 'Modul 1', '2023-3-9 09:30:00', 'IF035', 'SO000B'),
  ('PRK0081', 'Modul 2', '2023-1-24 10:30:00', 'IF010', 'PBA00B'),
  ('PRK0082', 'Modul 2', '2023-3-22 17:30:00', 'IF032', 'KPPL0C'),
  ('PRK0083', 'Modul 5', '2023-9-25 13:30:00', 'IF024', 'OK000C'),
  ('PRK0084', 'Modul 2', '2023-3-20 10:30:00', 'IF012', 'PPL00C'),
  ('PRK0085', 'Modul 3', '2023-10-18 10:30:00', 'IF015', 'TPG00A'),
  ('PRK0086', 'Modul 5', '2023-7-16 11:30:00', 'IF040', 'MBD00B'),
  ('PRK0087', 'Modul 2', '2023-2-17 11:30:00', 'IF033', 'PKSJ0C'),
  ('PRK0088', 'Modul 5', '2023-8-6 16:00:00', 'IF028', 'RK000C'),
  ('PRK0089', 'Modul 4', '2023-10-22 12:00:00', 'IF029', 'MBD00B'),
  ('PRK0090', 'Modul 3', '2023-9-1 13:30:00', 'IF016', 'TGO00C'),
  ('PRK0091', 'Modul 4', '2023-3-25 13:30:00', 'IF007', 'APSI0C'),
  ('PRK0092', 'Modul 2', '2023-2-26 09:30:00', 'IF015', 'APSI0A'),
  ('PRK0093', 'Modul 5', '2023-4-23 15:30:00', 'IF026', 'MPPL0A'),
  ('PRK0094', 'Modul 5', '2023-2-6 11:30:00', 'IF034', 'SO000A'),
  ('PRK0095', 'Modul 4', '2023-3-12 10:30:00', 'IF031', 'ADM00B'),
  ('PRK0096', 'Modul 5', '2023-8-22 10:30:00', 'IF027', 'StuD0B'),
  ('PRK0097', 'Modul 5', '2023-11-11 13:30:00', 'IF029', 'PBKK0C'),
  ('PRK0098', 'Modul 3', '2023-7-1 12:00:00', 'IF010', 'TG000A'),
  ('PRK0099', 'Modul 4', '2023-8-27 10:30:00', 'IF018', 'PAA00A'),
  ('PRK0100', 'Modul 5', '2023-4-16 09:30:00', 'IF039', 'SBD00B'),
  ('PRK0101', 'Modul 1', '2023-9-8 15:30:00', 'IF011', 'MBD00B'),
  ('PRK0102', 'Modul 2', '2023-8-18 13:30:00', 'IF040', 'MPPL0B'),
  ('PRK0103', 'Modul 1', '2023-3-15 07:30:00', 'IF004', 'GK000C'),
  ('PRK0104', 'Modul 2', '2023-10-14 16:00:00', 'IF008', 'SBD00C'),
  ('PRK0105', 'Modul 1', '2023-10-12 15:30:00', 'IF003', 'MBD00A'),
  ('PRK0106', 'Modul 5', '2023-8-11 13:30:00', 'IF002', 'KPPL0C'),
  ('PRK0107', 'Modul 4', '2023-4-5 16:00:00', 'IF022', 'PPL00C'),
  ('PRK0108', 'Modul 1', '2023-7-23 17:30:00', 'IF038', 'PrSt0A'),
  ('PRK0109', 'Modul 4', '2023-12-22 16:00:00', 'IF040', 'PAA00A'),
  ('PRK0110', 'Modul 3', '2023-12-23 11:30:00', 'IF001', 'JK000A'),
  ('PRK0111', 'Modul 1', '2023-11-25 14:00:00', 'IF017', 'SiD00C'),
  ('PRK0112', 'Modul 4', '2023-1-1 14:00:00', 'IF025', 'SO000B'),
  ('PRK0113', 'Modul 4', '2023-2-21 09:30:00', 'IF012', 'PBKK0B'),
  ('PRK0114', 'Modul 4', '2023-4-29 16:00:00', 'IF027', 'RK000B'),
  ('PRK0115', 'Modul 4', '2023-10-27 17:30:00', 'IF007', 'KB000C'),
  ('PRK0116', 'Modul 1', '2023-7-19 11:30:00', 'IF001', 'KIJ00C'),
  ('PRK0117', 'Modul 5', '2023-12-24 14:00:00', 'IF011', 'PBKK0B'),
  ('PRK0118', 'Modul 4', '2023-1-18 08:00:00', 'IF031', 'StuD0A'),
  ('PRK0119', 'Modul 5', '2023-11-1 15:30:00', 'IF027', 'RO000C'),
  ('PRK0120', 'Modul 2', '2023-10-25 13:30:00', 'IF010', 'PJ000C'),
  ('PRK0121', 'Modul 3', '2023-1-4 13:30:00', 'IF028', 'JK000C'),
  ('PRK0122', 'Modul 4', '2023-7-14 16:00:00', 'IF004', 'KK000B'),
  ('PRK0123', 'Modul 5', '2023-5-23 10:30:00', 'IF035', 'MBD00B'),
  ('PRK0124', 'Modul 2', '2023-3-15 07:30:00', 'IF008', 'MPPL0C'),
  ('PRK0125', 'Modul 4', '2023-2-1 11:30:00', 'IF025', 'MBD00C'),
  ('PRK0126', 'Modul 4', '2023-9-27 12:00:00', 'IF005', 'AL000A'),
  ('PRK0127', 'Modul 3', '2023-2-19 08:00:00', 'IF012', 'PBAA0B'),
  ('PRK0128', 'Modul 1', '2023-5-3 13:30:00', 'IF022', 'MBD00B'),
  ('PRK0129', 'Modul 5', '2023-4-17 17:30:00', 'IF014', 'PS000B'),
  ('PRK0130', 'Modul 2', '2023-2-26 16:00:00', 'IF009', 'AL000C'),
  ('PRK0131', 'Modul 4', '2023-10-9 15:30:00', 'IF032', 'KB000A'),
  ('PRK0132', 'Modul 4', '2023-10-10 07:30:00', 'IF019', 'TJ000A'),
  ('PRK0133', 'Modul 1', '2023-7-30 16:00:00', 'IF034', 'PW000C'),
  ('PRK0134', 'Modul 1', '2023-2-1 13:30:00', 'IF018', 'TGO00A'),
  ('PRK0135', 'Modul 2', '2023-2-27 17:30:00', 'IF002', 'KK000A'),
  ('PRK0136', 'Modul 3', '2023-11-5 07:30:00', 'IF031', 'SO000C'),
  ('PRK0137', 'Modul 5', '2023-6-2 13:30:00', 'IF005', 'DP000A'),
  ('PRK0138', 'Modul 1', '2023-3-6 13:30:00', 'IF027', 'RK000C'),
  ('PRK0139', 'Modul 1', '2023-3-13 10:30:00', 'IF026', 'SD000A'),
  ('PRK0140', 'Modul 5', '2023-9-25 11:30:00', 'IF018', 'PPB00B'),
  ('PRK0141', 'Modul 1', '2023-2-15 08:00:00', 'IF029', 'PPB00B'),
  ('PRK0142', 'Modul 4', '2023-2-13 11:30:00', 'IF025', 'TJ000A'),
  ('PRK0143', 'Modul 5', '2023-1-1 11:30:00', 'IF019', 'APSI0C'),
  ('PRK0144', 'Modul 3', '2023-4-27 16:00:00', 'IF026', 'GK000A'),
  ('PRK0145', 'Modul 2', '2023-11-12 11:30:00', 'IF001', 'SBD00C'),
  ('PRK0146', 'Modul 1', '2023-10-5 07:30:00', 'IF039', 'SO000A'),
  ('PRK0147', 'Modul 1', '2023-3-24 17:30:00', 'IF020', 'JK000C'),
  ('PRK0148', 'Modul 5', '2023-11-14 16:00:00', 'IF029', 'PBAA0B'),
  ('PRK0149', 'Modul 5', '2023-2-27 11:30:00', 'IF034', 'PKSJ0C'),
  ('PRK0150', 'Modul 5', '2023-11-15 15:30:00', 'IF027', 'PAA00C')

DROP PROCEDURE IF EXISTS CheckPraktikums;
DELIMITER //
CREATE PROCEDURE CheckPraktikums(
    IN in_kelas_kode CHAR(10),
    OUT prak_tglPraktikum TIMESTAMP,
    OUT mk_nama VARCHAR(50),
    OUT prak_judul VARCHAR(50),
    OUT ruang_kode CHAR(5)
)
BEGIN
    SELECT P.prak_tglPraktikum , Mk.mk_nama, P.prak_judul, P.ruang_kode
    INTO prak_tglPraktikum, mk_nama, prak_judul, ruang_kode
    FROM KELAS AS K
    JOIN PRAKTIKAN_MENGAMBIL_KELAS PM ON PM.kelas_kode = K.kelas_kode
    JOIN praktikum P ON P.kelas_kode = K.kelas_kode
    JOIN MATA_KULIAH MK ON MK.mk_kode = K.mk_kode
    WHERE in_kelas_kode = PM.kelas_kode
    ORDER BY P.prak_tglPraktikum ASC
    LIMIT 1;
END//
DELIMITER ;

DROP TRIGGER IF EXISTS trg_check_praktikum;
DELIMITER //
CREATE TRIGGER trg_check_praktikum AFTER INSERT ON PRAKTIKAN_MENGAMBIL_KELAS
FOR EACH ROW
BEGIN
    CALL CheckPraktikums(NEW.kelas_kode,  @prak_tglPraktikum, @mk_nama, @prak_judul, @ruang_kode);
END//
DELIMITER ;

ALTER TABLE KELAS
ADD COLUMN kelas_jumlahMhs INTEGER;

DROP FUNCTION IF EXISTS display_jumlah_mhs;
DELIMITER $$
CREATE FUNCTION display_jumlah_mhs(kode_kelas CHAR(6))
RETURNS INTEGER
READS SQL DATA
BEGIN
    DECLARE jumlah_mhs INTEGER;
    
    SELECT COUNT(mhs_nrp) INTO jumlah_mhs
    FROM PRAKTIKAN_MENGAMBIL_KELAS
    WHERE kelas_kode = kode_kelas;
    
    RETURN jumlah_mhs;
END$$
DELIMITER ;

DROP TRIGGER IF EXISTS after_insert_praktikan_mengambil_kelas;
DELIMITER $$
CREATE TRIGGER after_insert_praktikan_mengambil_kelas
AFTER INSERT ON PRAKTIKAN_MENGAMBIL_KELAS
FOR EACH ROW
BEGIN
    DECLARE jumlah_mhs INTEGER;
    
    SET jumlah_mhs = display_jumlah_mhs(NEW.kelas_kode);
    
    UPDATE kelas
    SET kelas_jumlahMhs = jumlah_mhs
    WHERE kelas.kelas_kode = NEW.kelas_kode;
    
END$$
DELIMITER ;

# CREATE INDEX ON RUANGAN
CREATE INDEX idx_ruangan_kode ON RUANGAN(ruang_kode ASC);
CREATE INDEX idx_ruangan_kapasitas ON RUANGAN(ruang_nama ASC);

CREATE INDEX idx_praktikum_tglPraktikum ON PRAKTIKUM(prak_tglPraktikum ASC);

SELECT r.ruang_kode, r.ruang_nama, COUNT(p.prak_kode) AS jumlah_praktikum, r.ruang_kapasitas
FROM `RUANGAN` r
LEFT JOIN `PRAKTIKUM` p ON r.ruang_kode = p.ruang_kode
GROUP BY r.ruang_kode;

DROP PROCEDURE IF EXISTS generate_next_asdos_kode;
DELIMITER //
CREATE PROCEDURE generate_next_asdos_kode(OUT next_kode CHAR(6))
BEGIN
    DECLARE last_kode CHAR(6);
    DECLARE last_num INT;

    SELECT asdos_kode
    INTO last_kode
    FROM ASDOS
    ORDER BY asdos_kode DESC
    LIMIT 1;

    IF last_kode IS NOT NULL THEN
        SET last_num = CAST(SUBSTRING(last_kode, 4) AS UNSIGNED);
        SET last_num = last_num + 1;
    ELSE
        SET last_num = 1;
    END IF;

    SET next_kode = CONCAT('ASD', LPAD(last_num, 3, '0'));
END //
DELIMITER ;

DROP TRIGGER IF EXISTS before_insert_asdos;
DELIMITER //
CREATE TRIGGER before_insert_asdos
BEFORE INSERT ON ASDOS
FOR EACH ROW
BEGIN
    DECLARE new_kode CHAR(6);
    CALL generate_next_asdos_kode(new_kode);
    SET NEW.asdos_kode = new_kode;
END //
DELIMITER ;

DROP PROCEDURE IF EXISTS generate_next_praktikum_kode;
DELIMITER //
CREATE PROCEDURE generate_next_praktikum_kode(OUT next_kode CHAR(7))
BEGIN
    DECLARE last_kode CHAR(7);
    DECLARE last_num INT;

    SELECT prak_kode
    INTO last_kode
    FROM PRAKTIKUM
    ORDER BY prak_kode DESC
    LIMIT 1;

    IF last_kode IS NOT NULL THEN
        SET last_num = CAST(SUBSTRING(last_kode, 4) AS UNSIGNED);
        SET last_num = last_num + 1;
    ELSE
        SET last_num = 1;
    END IF;

    SET next_kode = CONCAT('PRK', LPAD(last_num, 4, '0'));
END //
DELIMITER ;

DROP TRIGGER IF EXISTS before_insert_praktikum;
DELIMITER //
CREATE TRIGGER before_insert_praktikum
BEFORE INSERT ON PRAKTIKUM
FOR EACH ROW
BEGIN
    DECLARE new_kode CHAR(7);
    CALL generate_next_praktikum_kode(new_kode);
    SET NEW.prak_kode = new_kode;
END //
DELIMITER ;

DROP PROCEDURE IF EXISTS generate_next_mata_kuliah_kode;
DELIMITER //
CREATE PROCEDURE generate_next_mata_kuliah_kode(OUT next_kode CHAR(5))
BEGIN
    DECLARE last_kode CHAR(6);
    DECLARE last_num INT;

    SELECT mk_kode
    INTO last_kode
    FROM MATA_KULIAH
    ORDER BY mk_kode DESC
    LIMIT 1;

    IF last_kode IS NOT NULL THEN
        SET last_num = CAST(SUBSTRING(last_kode, 3) AS UNSIGNED);
        SET last_num = last_num + 1;
    ELSE
        SET last_num = 1;
    END IF;

    SET next_kode = CONCAT('TI', LPAD(last_num, 3, '0'));
END //
DELIMITER ;

DROP TRIGGER IF EXISTS before_insert_mata_kuliah;
DELIMITER //
CREATE TRIGGER before_insert_mata_kuliah
BEFORE INSERT ON MATA_KULIAH
FOR EACH ROW
BEGIN
    DECLARE new_kode CHAR(5);
    CALL generate_next_mata_kuliah_kode(new_kode);
    SET NEW.mk_kode = new_kode;
END //
DELIMITER ;
